"","ntax","nsites","pars_inf_count","pars_inf_fraction","bionj","upgma","jc","gtrig","gtrig100","gtrig250"
"1",11,657,118,17.96,"((((((Sp6:0,Sp7:0):0.06453148276,(Sp8:0.08949211985,(Sp9:0.05518954247,Sp10:0.05722600967):0.01588813215):0.023272058):0.007899885997,Sp5:0.06272729486):0.02369377576,Sp4:0.01677330397):0.01273051649,Sp3:0.01556180418):0.005952569656,Sp2:0.008215767331,(Sp0:0.003045103047,Sp1:8.341507055e-06):0.004055768251);","(Sp6:28.8,((Sp7:16,(Sp9:12,Sp8:12):4):10.85714286,(Sp10:20,(Sp5:20,(Sp4:20,(Sp3:14.66666667,(Sp2:12,(Sp1:12,Sp0:12):0):2.666666667):5.333333333):0):0):6.857142857):1.942857143);","(Sp9:0.07038434,Sp10:0.05881233,(Sp8:0.115805,(Sp5:0.07038186,(Sp7:0.08932232,(Sp4:0.01253953,(Sp3:0.01632657,(Sp2:0.00898725,(Sp0:0.00306142,Sp1:0)0.985772:0.0034414)0.977867:0.00672438)1.000000:0.01969526)0.999995:0.0267443)0.587313:0.01184748)0.999990:0.04185159)0.996584:0.03126524);","(Sp9:0.08575023,Sp10:0.06729172,(Sp8:0.14432865,(Sp5:0.07882803,(Sp7:0.1114659,(Sp4:0.01229834,(Sp3:0.01685901,(Sp2:0.00918466,(Sp0:0.00300892,Sp1:0)0.987320:0.00337278)0.984796:0.00643583)1.000000:0.02180554)0.998586:0.02809028)0.812147:0.01621988)0.999457:0.04642439)0.999674:0.04591744);","(Sp8:0.15779151,(Sp9:0.11916232,Sp10:0.12338256)0.486407:0.02510304,(Sp5:1e-08,((Sp7:0.08517907,Sp2:1e-08)0.915846:0.01059923,(Sp3:0.03288524,Sp4:1e-08)0.000000:1e-08)0.947842:0.03155367)0.634054:0.02594352);","(Sp9:0.05027224,Sp10:0.04870475,(Sp8:0.17896326,(Sp5:0.05275774,(Sp7:0.10405594,(Sp2:1e-08,(Sp4:0.02169634,(Sp3:0.01258631,Sp1:0.00413696)0.561825:0.00372552)0.696437:0.00431948)0.992804:0.02303992)0.673175:0.01322599)0.799830:0.03617617)0.845101:0.03449241);"
