"","ntax","nsites","pars_inf_count","pars_inf_fraction","bionj","upgma","jc","gtrig","gtrig100","gtrig250"
"1",11,690,70,10.14,"((((((Sp10:-0.0001427583047,Sp9:0.001755662961):0.03724588454,OutG:0.1358973533):0.03259770572,(Sp8:-6.602931535e-10,(Sp7:0.001669230056,Sp5:-5.697575398e-05):5.697641609e-05):0.03379314393):0.008165159263,Sp1:0.008661785163):0.002706125379,Sp3:-1.984240953e-05):1.984243863e-05,(Sp6:-1.30495755e-06,Sp2:0.001614209497):1.304928446e-06,Sp4:0.001612904569);","(Sp10:26.4,(Sp9:25.33333333,((OutG:2,Sp1:2):22,((Sp7:12,Sp8:12):8,(Sp6:16,(Sp5:14.66666667,(Sp4:12,(Sp2:12,Sp3:12):0):2.666666667):1.333333333):4):4):1.333333333):1.066666667);","(Sp10:0,Sp9:0.00147647,(OutG:0.16226498,((Sp7:0.00147341,Sp8:0)1.000000:0.03782969,(Sp1:0.00930127,(Sp6:0,(Sp4:0.00147827,Sp2:0.00147827)0.000000:1e-08)0.878149:0.00176561)0.552520:0.00450291)1.000000:0.04307889)0.999970:0.03159924);","(Sp10:0,Sp9:0.00149534,(OutG:0.17548806,((Sp7:0.00147721,Sp8:0)1.000000:0.03998835,(Sp1:0.0094098,(Sp6:0,(Sp4:0.00149128,Sp2:0.00148989)0.000000:1e-08)0.909745:0.00180824)0.479374:0.00391794)1.000000:0.0463294)0.999118:0.03034547);","(Sp9:0.01001206,Sp10:0,(OutG:0.22312559,(Sp8:0.04391111,(Sp6:0,Sp1:1e-08)0.000000:1e-08)0.992307:0.14580309)0.406176:0.02412954);","(Sp10:0,Sp9:0.0041538,(OutG:0.16920087,((Sp6:0,Sp2:0.00412632)0.774252:0.00420615,(Sp1:0.01302077,Sp8:0.05038832)0.631194:0.00448277)1.000000:0.07743778)0.804739:0.02243497);"
