"","ntax","nsites","pars_inf_count","pars_inf_fraction","bionj","upgma","jc","gtrig","gtrig100","gtrig250"
"1",11,657,118,17.96,"((((((Sp6:0,Sp7:0):0.06453148276,(Sp8:0.08949211985,(Sp9:0.05518954247,Sp10:0.05722600967):0.01588813215):0.023272058):0.007899885997,Sp5:0.06272729486):0.02369377576,Sp4:0.01677330397):0.01273051649,Sp3:0.01556180418):0.005952569656,Sp2:0.008215767331,(Sp0:0.003045103047,Sp1:8.341507055e-06):0.004055768251);","(Sp6:28.8,((Sp7:16,(Sp9:12,Sp8:12):4):10.85714286,(Sp10:20,(Sp5:20,(Sp4:20,(Sp3:14.66666667,(Sp2:12,(Sp1:12,Sp0:12):0):2.666666667):5.333333333):0):0):6.857142857):1.942857143);","(Sp9:0.07038434,Sp10:0.05881233,(Sp8:0.115805,(Sp5:0.07038186,(Sp7:0.08932232,(Sp4:0.01253953,(Sp3:0.01632657,(Sp2:0.00898725,(Sp0:0.00306142,Sp1:0)0.985772:0.0034414)0.977867:0.00672438)1.000000:0.01969526)0.999995:0.0267443)0.587313:0.01184748)0.999990:0.04185159)0.996584:0.03126524);","(Sp9:0.08575023,Sp10:0.06729172,(Sp8:0.14432865,(Sp5:0.07882803,(Sp7:0.1114659,(Sp4:0.01229834,(Sp3:0.01685901,(Sp2:0.00918466,(Sp1:0,Sp0:0.00300892)0.987320:0.00337278)0.984796:0.00643583)1.000000:0.02180554)0.998586:0.02809028)0.812147:0.01621988)0.999457:0.04642439)0.999674:0.04591744);","(Sp8:0.15779158,(Sp9:0.11916262,Sp10:0.12338254)0.486406:0.02510304,(Sp5:1e-08,((Sp7:0.08517911,Sp2:1e-08)0.915846:0.01059925,(Sp3:0.03288523,Sp4:1e-08)0.000000:1e-08)0.947842:0.03155368)0.634054:0.02594361);","(Sp10:0.04873211,Sp9:0.05026769,(Sp8:0.17869439,(Sp5:0.05277614,(Sp7:0.10408726,(Sp2:1e-08,(Sp4:0.02169932,(Sp1:0.00413666,Sp3:0.01258939)0.561809:0.00372589)0.696422:0.00432117)0.992817:0.02307399)0.673206:0.01323197)0.799937:0.03609764)0.845243:0.03445834);"
